mask_name,overdensity_threshold,selected_volume,volume_fraction,nHII_V,ne_V,electron_density_nHII_over_ne
all-gas,,270735806404465.88,1.0,5.2380397062534e-05,5.640145900529536e-05,0.9287064197686121
overdensity_lt_-1,-1.0,0.0,0.0,,,
overdensity_lt_-0.869346733668,-0.8693467336683417,77260618.62860566,2.853727390354201e-07,3.28703270464682e-06,3.546493390836912e-06,0.9268402171958189
overdensity_lt_-0.738693467337,-0.7386934673366834,4579945544929.202,0.016916659845454613,5.851722766594335e-06,6.313957453234198e-06,0.9267916057300809
overdensity_lt_-0.608040201005,-0.6080402010050251,41436132565742.516,0.15305006425281992,1.0159647213578884e-05,1.0961261371974229e-05,0.9268684386593579
overdensity_lt_-0.477386934673,-0.4773869346733668,92779431365937.52,0.3426936118945776,1.3959841458572996e-05,1.5060442688967062e-05,0.9269210571611988
overdensity_lt_-0.346733668342,-0.3467336683417085,134750074384281.23,0.497717964143137,1.7248784198137482e-05,1.8607946545691125e-05,0.9269579615237894
overdensity_lt_-0.21608040201,-0.2160804020100502,166244833856964.6,0.6140481972621052,2.0084176996668772e-05,2.1666175475888962e-05,0.926983030254661
overdensity_lt_-0.0854271356784,-0.08542713567839189,189837232724143.22,0.7011899727830452,2.254045940117116e-05,2.431549241553778e-05,0.9269999149500111
overdensity_lt_0.0452261306533,0.045226130653266416,206026431600748.03,0.7609870092061438,2.4572515909106994e-05,2.650736321473219e-05,0.9270071757061882
overdensity_lt_0.175879396985,0.1758793969849246,217698069533875.25,0.8040978119039235,2.6319857741988425e-05,2.8392234573641637e-05,0.9270090268422502
overdensity_lt_0.306532663317,0.306532663316583,226601968124414.2,0.8369855880307242,2.7854665533847442e-05,3.004794840167242e-05,0.9270072339546848
overdensity_lt_0.437185929648,0.43718592964824143,233523794262631.44,0.8625523064864146,2.9214153351421786e-05,3.151463339592698e-05,0.927002798490351
overdensity_lt_0.56783919598,0.5678391959798996,238987362868493.3,0.8827327498434324,3.0424032658790408e-05,3.282001370846565e-05,0.9269963422027084
overdensity_lt_0.698492462312,0.6984924623115578,243366016695017.2,0.8989059109951656,3.150814983474944e-05,3.398979450779834e-05,0.9269885355594154
overdensity_lt_0.829145728643,0.8291457286432162,246922072294751.5,0.9120406922675834,3.248315315120072e-05,3.50419326404781e-05,0.9269794986615079
overdensity_lt_0.959798994975,0.9597989949748746,249838115136514.5,0.922811498244413,3.3365064659890184e-05,3.5993693590359895e-05,0.9269697364103324
overdensity_lt_1.09045226131,1.0904522613065328,252248806313888.3,0.931715718226946,3.41638685198468e-05,3.685584226712655e-05,0.9269593751848442
overdensity_lt_1.22110552764,1.221105527638191,254261502832230.34,0.9391498901049544,3.489074452227489e-05,3.764042082926124e-05,0.9269488425897517
overdensity_lt_1.35175879397,1.3517587939698492,255958507283033.8,0.9454180098388777,3.555507537214824e-05,3.835755758366274e-05,0.9269379390123595
overdensity_lt_1.4824120603,1.4824120603015079,257400537113059.44,0.9507443456833182,3.616413997005342e-05,3.901509010467176e-05,0.9269269883276019
overdensity_lt_1.61306532663,1.613065326633166,258636509682670.88,0.955309580648083,3.672463586210307e-05,3.9620237708925945e-05,0.926916091011475
overdensity_lt_1.74371859296,1.7437185929648242,259703815749701.12,0.9592518226485214,3.7242438978702686e-05,4.017933466881638e-05,0.9269053180118224
overdensity_lt_1.8743718593,1.8743718592964829,260632461309699.28,0.962681902963095,3.772256154921572e-05,4.069778991041754e-05,0.9268945962974702
overdensity_lt_2.00502512563,2.005025125628141,261444556134775.53,0.9656814870811374,3.816890864485024e-05,4.117980750934191e-05,0.9268840957110199
overdensity_lt_2.13567839196,2.1356783919597992,262159761299283.34,0.968323195889463,3.858492871393904e-05,4.162910457281262e-05,0.9268738568818103
overdensity_lt_2.26633165829,2.2663316582914574,262792270883120.84,0.970659457177682,3.8973565256273274e-05,4.204885638274334e-05,0.926863858115957
overdensity_lt_2.39698492462,2.3969849246231156,263354805219686.9,0.9727372552496727,3.933791014898821e-05,4.244239603962451e-05,0.9268541321809936
overdensity_lt_2.52763819095,2.5276381909547743,263857110701155.2,0.9745925897476809,3.967948583872724e-05,4.2811362797205154e-05,0.9268447264032815
overdensity_lt_2.65829145729,2.6582914572864325,264308157137529.44,0.9762585919007187,4.0001264631720764e-05,4.31589639677075e-05,0.9268356085111451
overdensity_lt_2.78894472362,2.7889447236180906,264714190110638.22,0.9777583306257184,4.0304699354311034e-05,4.348676712501784e-05,0.9268267571705469
overdensity_lt_2.91959798995,2.9195979899497493,265081251488167.56,0.9791141223933613,4.059111351341765e-05,4.3796194809296596e-05,0.9268182701754125
overdensity_lt_3.05025125628,3.050251256281407,265414376929484.78,0.9803445671052792,4.086268313975084e-05,4.4089602076293014e-05,0.9268099782130425
overdensity_lt_3.18090452261,3.1809045226130657,265717287321395.9,0.9814634083695137,4.111973100082883e-05,4.4367328416339964e-05,0.926802051612486
overdensity_lt_3.31155778894,3.3115577889447243,265994180658108.44,0.9824861520560244,4.136413824909828e-05,4.463140847276906e-05,0.9267943733914595
overdensity_lt_3.44221105528,3.442211055276382,266247593008733.38,0.9834221654854647,4.1596423115390855e-05,4.488239851027471e-05,0.9267869921405468
overdensity_lt_3.57286432161,3.5728643216080407,266480311428568.1,0.9842817430305458,4.1817802642397434e-05,4.51216134573251e-05,0.9267798608741611
overdensity_lt_3.70351758794,3.7035175879396984,266694450922130.75,0.9850726967518381,4.202865148090536e-05,4.534945666884307e-05,0.9267729884353998
overdensity_lt_3.83417085427,3.834170854271357,266892081458605.34,0.9858026723657003,4.223026283645139e-05,4.556732377619588e-05,0.9267663609973128
overdensity_lt_3.9648241206,3.9648241206030157,267074906691831.94,0.9864779625523019,4.2423024103362044e-05,4.577562889132102e-05,0.9267600496343017
overdensity_lt_4.09547738693,4.0954773869346734,267244130747559.12,0.9871030149159865,4.2607374904851515e-05,4.597485191092043e-05,0.9267539346816462
overdensity_lt_4.22613065327,4.226130653266332,267401365152409.1,0.9876837818523521,4.2784012435186936e-05,4.61657470870365e-05,0.9267479708392033
overdensity_lt_4.3567839196,4.356783919597991,267547723239223.1,0.9882243756096305,4.295355617574894e-05,4.634897461997133e-05,0.9267423179895046
overdensity_lt_4.48743718593,4.4874371859296485,267684149870323.88,0.9887282861669838,4.311648521286835e-05,4.652505785464657e-05,0.9267368424897553
overdensity_lt_4.61809045226,4.618090452261307,267811565804741.84,0.9891989144747431,4.327289033802017e-05,4.669409326978176e-05,0.9267315694086807
overdensity_lt_4.74874371859,4.748743718592966,267930836302083.94,0.9896394564884725,4.342376442308163e-05,4.685715503734045e-05,0.9267264388646141
overdensity_lt_4.87939698492,4.8793969849246235,268042507262320.3,0.9900519285649202,4.356868152611583e-05,4.7013779480576993e-05,0.9267215273368002
overdensity_lt_5.01005025126,5.010050251256282,268147225257900.62,0.9904387189085065,4.370847208386437e-05,4.716486428323407e-05,0.9267167996368356
overdensity_lt_5.14070351759,5.14070351758794,268245578154215.5,0.9908019988810416,4.3843223913961395e-05,4.7310502525142686e-05,0.9267122853041216
overdensity_lt_5.27135678392,5.2713567839195985,268338090878801.88,0.9911437073747019,4.39732778045917e-05,4.7451069234141454e-05,0.926707838502247
overdensity_lt_5.40201005025,5.402010050251257,268425425700827.6,0.9914662905718992,4.409900666906126e-05,4.758695362861043e-05,0.9267037140731753
overdensity_lt_5.53266331658,5.532663316582915,268507843345497.22,0.9917707114970962,4.422050554004934e-05,4.771827037408912e-05,0.9266996727538754
overdensity_lt_5.66331658291,5.6633165829145735,268585712074453.6,0.9920583303754061,4.433821181210448e-05,4.7845488399542516e-05,0.9266957720621455
overdensity_lt_5.79396984925,5.793969849246231,268659369409572.72,0.9923303938903779,4.4452055621228476e-05,4.796853480302472e-05,0.9266919617987892
overdensity_lt_5.92462311558,5.92462311557789,268729070310651.78,0.9925878437711482,4.456231729408252e-05,4.8087706058583726e-05,0.9266883564750138
overdensity_lt_6.05527638191,6.0552763819095485,268795168949358.78,0.9928319881995665,4.466923254547393e-05,4.820325982062454e-05,0.9266848904347642
overdensity_lt_6.18592964824,6.185929648241206,268857874722648.03,0.9930636006121322,4.477288845548152e-05,4.831528974661135e-05,0.9266815678906638
overdensity_lt_6.31658291457,6.316582914572865,268917481316478.0,0.9932837657783936,4.48735149031918e-05,4.842404549064418e-05,0.9266783567651662
overdensity_lt_6.4472361809,6.4472361809045236,268974156465404.38,0.9934931032490409,4.4971286358377976e-05,4.8529713624509775e-05,0.9266752881819063
overdensity_lt_6.57788944724,6.577889447236181,269027992924409.66,0.9936919556273808,4.50660957947338e-05,4.863218204334148e-05,0.9266722960234531
overdensity_lt_6.70854271357,6.70854271356784,269079350206177.0,0.9938816508230381,4.5158361539413936e-05,4.8731902162421636e-05,0.9266693795145279
overdensity_lt_6.8391959799,6.839195979899499,269128299332301.9,0.9940624511640606,4.524789649796808e-05,4.882866772496129e-05,0.9266666203722222
overdensity_lt_6.96984924623,6.969849246231156,269174953258789.34,0.9942347738690143,4.533505970841955e-05,4.8922869758621926e-05,0.926663949439105
overdensity_lt_7.10050251256,7.100502512562814,269219556238031.28,0.9943995211177594,4.5419987077067584e-05,4.901465268662272e-05,0.9266614081193681
overdensity_lt_7.23115577889,7.231155778894474,269262172631816.6,0.9945569306394303,4.5502598076817196e-05,4.910392984213148e-05,0.9266589909016952
overdensity_lt_7.36180904523,7.361809045226131,269302878249919.88,0.9947072824478737,4.5582874820730964e-05,4.9190684324314515e-05,0.9266566514952864
overdensity_lt_7.49246231156,7.492462311557789,269341880681058.1,0.9948513433006149,4.5661193730979726e-05,4.9275321737218564e-05,0.9266544006447548
overdensity_lt_7.62311557789,7.623115577889449,269379240932587.47,0.9949893385367292,4.573757710755742e-05,4.935786920930676e-05,0.9266521800931652
overdensity_lt_7.75376884422,7.753768844221106,269415038128549.1,0.9951215604117631,4.581210363455594e-05,4.9438408501980645e-05,0.9266500484682992
overdensity_lt_7.88442211055,7.884422110552764,269449404408741.84,0.9952484970022687,4.5884832243925965e-05,4.951700222078099e-05,0.9266480236291305
overdensity_lt_8.01507537688,8.015075376884424,269482317982257.53,0.9953700678205243,4.5955728494552656e-05,4.959361422535991e-05,0.9266460856376343
overdensity_lt_8.14572864322,8.145728643216081,269513903282384.47,0.9954867324780234,4.602495099475647e-05,4.966841799391426e-05,0.9266441906886542
overdensity_lt_8.27638190955,8.27638190954774,269544379007418.78,0.9955992987670528,4.6092808574050514e-05,4.974174511466515e-05,0.9266423698605051
overdensity_lt_8.40703517588,8.407035175879397,269573584694854.8,0.9957071739972408,4.615877831873936e-05,4.981302953090606e-05,0.9266406551342264
overdensity_lt_8.53768844221,8.537688442211056,269601655779312.03,0.9958108584150134,4.622329591006957e-05,4.9882745334588916e-05,0.926638973056243
overdensity_lt_8.66834170854,8.668341708542714,269628681358890.72,0.9959106811164786,4.6286322466749785e-05,4.995084949703915e-05,0.9266373431645727
overdensity_lt_8.79899497487,8.798994974874372,269654741186098.78,0.9960069366785123,4.634806445029364e-05,5.0017560013176205e-05,0.9266358542496694
overdensity_lt_8.92964824121,8.929648241206031,269679832617146.75,0.9960996153359133,4.640839232368225e-05,5.008274521453507e-05,0.9266343553031424
overdensity_lt_9.06030150754,9.06030150753769,269704101836856.03,0.9961892570424595,4.6467692031986966e-05,5.01468173593793e-05,0.9266329246574967
overdensity_lt_9.19095477387,9.190954773869347,269727456797597.78,0.9962755218075526,4.652543374109638e-05,5.020920661076363e-05,0.9266315260022941
overdensity_lt_9.3216080402,9.321608040201006,269749989570779.56,0.9963587497096208,4.658198744346817e-05,5.0270309614864594e-05,0.9266302077776379
overdensity_lt_9.45226130653,9.452261306532664,269771723746248.38,0.996439027881014,4.663729223386492e-05,5.0330063516531e-05,0.9266289167019791
overdensity_lt_9.58291457286,9.582914572864322,269792750216909.0,0.9965166920471983,4.669158345545556e-05,5.038871943031557e-05,0.9266277052352377
overdensity_lt_9.7135678392,9.713567839195981,269813012771363.28,0.9965915345836303,4.6744609561514286e-05,5.044600747998314e-05,0.9266265438362479
overdensity_lt_9.84422110553,9.84422110552764,269832631781951.12,0.9966640001021311,4.679667395940502e-05,5.05022551932318e-05,0.9266254304951634
overdensity_lt_9.97487437186,9.974874371859297,269851621283339.72,0.9967341404416775,4.68477442475554e-05,5.05574265753149e-05,0.9266243838136574
overdensity_lt_10.1055276382,10.105527638190956,269869968105099.34,0.996801906955473,4.689778260720563e-05,5.061148215118911e-05,0.9266233790014342
overdensity_lt_10.2361809045,10.236180904522614,269887758837976.94,0.9968676194783708,4.694687949621624e-05,5.0664515477855064e-05,0.9266224901871654
overdensity_lt_10.3668341709,10.366834170854272,269904971315712.12,0.9969311961362343,4.69950555482891e-05,5.071655734430238e-05,0.9266215612635355
overdensity_lt_10.4974874372,10.497487437185931,269921629782961.34,0.9969927264800423,4.70422389649176e-05,5.0767524792102966e-05,0.9266206922153344
overdensity_lt_10.6281407035,10.62814070351759,269937766404347.62,0.9970523293142614,4.7088540342039206e-05,5.081753802283815e-05,0.926619867355182
overdensity_lt_10.7587939698,10.758793969849247,269953407663714.53,0.9971101024606163,4.7133892331940094e-05,5.086652731635056e-05,0.9266190325674022
overdensity_lt_10.8894472362,10.889447236180905,269968562488123.12,0.9971660788924368,4.7178414911225834e-05,5.091461693340874e-05,0.9266182827797863
overdensity_lt_11.0201005025,11.020100502512564,269983260515316.8,0.9972203680808116,4.722215303175269e-05,5.0961857426969644e-05,0.9266175805978796
overdensity_lt_11.1507537688,11.150753768844222,269997505180719.0,0.9972729827149502,4.7264977163464524e-05,5.100810995272002e-05,0.9266169087087318
overdensity_lt_11.2814070352,11.28140703517588,270011381084678.5,0.9973242352778963,4.7307236991042994e-05,5.105375171475996e-05,0.9266162701489805
overdensity_lt_11.4120603015,11.41206030150754,270024845684314.84,0.9973739686316597,4.7348686012018196e-05,5.109851710752873e-05,0.926615657209394
overdensity_lt_11.5427135678,11.542713567839197,270037917908762.03,0.9974222526936048,4.738937037238811e-05,5.1142456024755785e-05,0.9266150681040627
overdensity_lt_11.6733668342,11.673366834170855,270050595298289.25,0.997469078378377,4.742935280613752e-05,5.118563362511366e-05,0.9266145487914178
overdensity_lt_11.8040201005,11.804020100502514,270062914034829.22,0.9975145793289293,4.746864158672868e-05,5.122806213231904e-05,0.9266140394715692
overdensity_lt_11.9346733668,11.934673366834172,270074884325960.75,0.9975587932483606,4.750726887589476e-05,5.1269776914221053e-05,0.926613528187936
overdensity_lt_12.0653266332,12.06532663316583,270086540963024.5,0.9976018486432806,4.754529108861457e-05,5.131083775585485e-05,0.9266130347518909
overdensity_lt_12.1959798995,12.19597989949749,270097891185418.47,0.9976437722534034,4.7582712122121586e-05,5.135124644253777e-05,0.9266126027800866
overdensity_lt_12.3266331658,12.326633165829147,270108920871436.62,0.997684511918262,4.761943448042586e-05,5.139090152424002e-05,0.9266121641778314
overdensity_lt_12.4572864322,12.457286432160805,270119652930625.16,0.9977241522574217,4.7655578937797384e-05,5.142993002969111e-05,0.9266117785943954
overdensity_lt_12.5879396985,12.587939698492463,270130128528565.72,0.9977628453216295,4.7691266375930016e-05,5.1468464108384024e-05,0.9266114153999261
overdensity_lt_12.7185929648,12.718592964824122,270140335022088.84,0.9978005444115973,4.772632717542193e-05,5.1506319587726845e-05,0.9266110946664178
overdensity_lt_12.8492462312,12.84924623115578,270150246341692.75,0.9978371532360285,4.776067078837177e-05,5.154339941281031e-05,0.9266108043409648
overdensity_lt_12.9798994975,12.979899497487438,270159894933140.62,0.9978727916378195,4.779449943949212e-05,5.1579922455309887e-05,0.9266105330209143
overdensity_lt_13.1105527638,13.110552763819097,270169300459216.9,0.9979075322441737,4.7827824179908045e-05,5.161590276689993e-05,0.9266102425041552
overdensity_lt_13.2412060302,13.241206030150755,270178476022662.8,0.9979414234518709,4.786065567105832e-05,5.165134810701937e-05,0.9266100000312306
overdensity_lt_13.3718592965,13.371859296482413,270187430601300.1,0.9979744984217325,4.7892995859552396e-05,5.168626444487973e-05,0.9266097361442589
overdensity_lt_13.5025125628,13.502512562814072,270196156853602.66,0.9980067300368204,4.792483998658313e-05,5.172064579484098e-05,0.9266094661053811
overdensity_lt_13.6331658291,13.63316582914573,270204692638104.5,0.9980382581328459,4.7956242157209994e-05,5.17545472943007e-05,0.9266092481595529
overdensity_lt_13.7638190955,13.763819095477388,270212997312965.0,0.9980689325935712,4.7987116181273715e-05,5.178787702096108e-05,0.9266090626161599
overdensity_lt_13.8944723618,13.894472361809047,270221105706330.06,0.9980988820615516,4.801756336867739e-05,5.182074684949269e-05,0.9266088639775647
overdensity_lt_14.0251256281,14.025125628140705,270229027697727.47,0.9981281430281841,4.804765389512459e-05,5.185323035771455e-05,0.9266086907925152
overdensity_lt_14.1557788945,14.155778894472363,270236738131882.12,0.9981566225789944,4.807718096452808e-05,5.188510516757801e-05,0.9266085287723493
overdensity_lt_14.2864321608,14.286432160804022,270244271461528.97,0.9981844479699055,4.810626732753069e-05,5.1916500478546405e-05,0.9266084363180405
overdensity_lt_14.4170854271,14.41708542713568,270251660665989.9,0.9982117410145864,4.8134962409011375e-05,5.194747309530858e-05,0.926608351491855
overdensity_lt_14.5477386935,14.547738693467338,270258870121350.8,0.9982383701312025,4.8163301814871475e-05,5.197806362719702e-05,0.9266082353570111
overdensity_lt_14.6783919598,14.678391959798997,270265894165653.4,0.998264314406531,4.819115301587088e-05,5.200812498754193e-05,0.9266081603098484
overdensity_lt_14.8090452261,14.809045226130655,270272765893180.5,0.9982896960788644,4.82187016669598e-05,5.2037858864338695e-05,0.9266081026251419
overdensity_lt_14.9396984925,14.939698492462313,270279502388170.53,0.9983145782511913,4.824591460511026e-05,5.206723307817624e-05,0.926607998021933
overdensity_lt_15.0703517588,15.070351758793972,270286084927633.4,0.9983388917675684,4.827271121523553e-05,5.209615443339513e-05,0.9266079567725508
overdensity_lt_15.2010050251,15.201005025125628,270292515937533.66,0.9983626455886299,4.8299168339580116e-05,5.212470659272306e-05,0.9266079657189473
overdensity_lt_15.3316582915,15.331658291457288,270298788486283.97,0.9983858141116029,4.8325186166824844e-05,5.2152785764739914e-05,0.9266079550346306
overdensity_lt_15.4623115578,15.462311557788947,270304919828061.53,0.9984084610671681,4.835079284793868e-05,5.2180421404437026e-05,0.9266079411889782
overdensity_lt_15.5929648241,15.592964824120603,270310923298247.5,0.998430635711393,4.837607387335437e-05,5.220770534020643e-05,0.9266079318774192
overdensity_lt_15.7236180905,15.723618090452263,270316776981255.1,0.9984522570960386,4.840096602799465e-05,5.223456730986885e-05,0.9266079632835418
overdensity_lt_15.8542713568,15.854271356783922,270322543208253.06,0.9984735554498638,4.842560413537396e-05,5.226115275835509e-05,0.9266080363608525
overdensity_lt_15.9849246231,15.984924623115578,270328198994549.5,0.9984944458757427,4.845000567908081e-05,5.228748283720355e-05,0.926608110586033
overdensity_lt_16.1155778894,16.115577889447238,270333696703396.94,0.9985147524207855,4.8473997454570764e-05,5.231337107076161e-05,0.9266081780316257
overdensity_lt_16.2462311558,16.246231155778897,270339100147432.12,0.9985347107857574,4.849773331859798e-05,5.233898336860692e-05,0.9266082410704038
overdensity_lt_16.3768844221,16.376884422110553,270344388844586.66,0.998554245317317,4.8521128338070604e-05,5.236422806321338e-05,0.9266082998396646
overdensity_lt_16.5075376884,16.507537688442213,270349553013202.5,0.9985733198855627,4.8544172891141915e-05,5.2389092433847634e-05,0.9266083956777692
overdensity_lt_16.6381909548,16.638190954773872,270354625082771.0,0.9985920542732888,4.856691402294664e-05,5.241362741848474e-05,0.9266085255877275
overdensity_lt_16.7688442211,16.768844221105528,270359592472845.0,0.9986104020128803,4.858942870687171e-05,5.2437919073258314e-05,0.9266086367574946
overdensity_lt_16.8994974874,16.899497487437188,270364438795842.5,0.9986283025745454,4.861155487945309e-05,5.246179096573425e-05,0.926608756289011
overdensity_lt_17.0301507538,17.030150753768847,270369212224960.16,0.9986459338926228,4.863346868344917e-05,5.248543177460648e-05,0.926608909159799
overdensity_lt_17.1608040201,17.160804020100503,270373891787574.4,0.9986632185018379,4.865517988341041e-05,5.250885432339294e-05,0.9266090549938794
overdensity_lt_17.2914572864,17.291457286432163,270378481605179.0,0.9986801716254958,4.867662071026278e-05,5.253198480303915e-05,0.9266092056633405
overdensity_lt_17.4221105528,17.422110552763822,270382963463587.06,0.9986967259869879,4.8697734725536695e-05,5.255476185141802e-05,0.9266093691607652
overdensity_lt_17.5527638191,17.55276381909548,270387362843867.78,0.9987129757041536,4.8718576465577716e-05,5.2577245110777156e-05,0.926609531612593
overdensity_lt_17.6834170854,17.683417085427138,270391668682320.16,0.9987288799116892,4.873916615138731e-05,5.259945541813967e-05,0.9266097103845473
overdensity_lt_17.8140703518,17.814070351758794,270395912442175.6,0.9987445548233745,4.8759593726227076e-05,5.262149034953463e-05,0.926609896495611
overdensity_lt_17.9447236181,17.944723618090453,270400061761286.88,0.9987598809051603,4.8779698582630506e-05,5.264317544685894e-05,0.926610109830315
overdensity_lt_18.0753768844,18.075376884422113,270404140689390.66,0.9987749469880621,4.879960709014862e-05,5.2664647644724026e-05,0.926610340571364
overdensity_lt_18.2060301508,18.20603015075377,270408150677603.75,0.9987897584319799,4.8819315619376115e-05,5.268590665041468e-05,0.9266105249607937
overdensity_lt_18.3366834171,18.33668341708543,270412081375384.97,0.9988042770057638,4.8838792368491156e-05,5.2706912779697434e-05,0.926610757352188
overdensity_lt_18.4673366834,18.467336683417088,270415939496679.78,0.9988185275082962,4.8857984913912455e-05,5.272761384883034e-05,0.9266109605108989
overdensity_lt_18.5979899497,18.597989949748744,270419726775516.62,0.9988325163444505,4.887692557188189e-05,5.2748042927945416e-05,0.9266111661933785
overdensity_lt_18.7286432161,18.728643216080403,270423444005335.0,0.9988462464449043,4.889566066282892e-05,5.2768249077727e-05,0.9266113907021285
overdensity_lt_18.8592964824,18.859296482412063,270427088594314.0,0.9988597082364101,4.89142236045403e-05,5.278826958460067e-05,0.9266116125694996
overdensity_lt_18.9899497487,18.98994974874372,270430660594445.9,0.9988729019110087,4.8932512198527154e-05,5.280799345922408e-05,0.9266118440252915
overdensity_lt_19.1206030151,19.12060301507538,270434180968933.84,0.9988859048991791,4.895069517441637e-05,5.282760201931288e-05,0.9266120986623776
overdensity_lt_19.2512562814,19.251256281407038,270437642218429.66,0.9988986895010452,4.8968673873399853e-05,5.2846990391586405e-05,0.9266123484147547
overdensity_lt_19.3819095477,19.381909547738694,270441042018934.5,0.9989112471325976,4.898640928219766e-05,5.286611552398918e-05,0.9266126099234393
overdensity_lt_19.5125628141,19.512562814070353,270444385633550.88,0.9989235972338302,4.9004044880333696e-05,5.288513227282275e-05,0.9266128829466214
overdensity_lt_19.6432160804,19.643216080402013,270447653158949.1,0.9989356662890527,4.9021326830600185e-05,5.2903766514724683e-05,0.9266131706701091
overdensity_lt_19.7738693467,19.77386934673367,270450866473411.0,0.9989475351087134,4.903846611681085e-05,5.292224788540102e-05,0.9266134390776409
overdensity_lt_19.9045226131,19.90452261306533,270454035432186.56,0.9989592400945357,4.905540841589458e-05,5.2940515839827557e-05,0.9266137217913132
overdensity_lt_20.0351758794,20.035175879396988,270457142606888.78,0.9989707168723712,4.9072215975113994e-05,5.295863769467609e-05,0.926614016358038
overdensity_lt_20.1658291457,20.165829145728644,270460196586498.78,0.9989819971668049,4.908881115750217e-05,5.2976530391184114e-05,0.926614310054384
overdensity_lt_20.2964824121,20.296482412060303,270463198149385.56,0.9989930838528501,4.910523190721392e-05,5.2994235200222594e-05,0.9266145972610934
overdensity_lt_20.4271356784,20.427135678391963,270466146586900.3,0.9990039743130146,4.912147224335758e-05,5.30117457748054e-05,0.9266148761073866
overdensity_lt_20.5577889447,20.55778894472362,270469053031415.38,0.9990147096662494,4.913752148548664e-05,5.302904645332997e-05,0.9266152188637184
overdensity_lt_20.6884422111,20.68844221105528,270471914473540.22,0.999025278796956,4.9153409243703374e-05,5.304617468022201e-05,0.9266155295837
overdensity_lt_20.8190954774,20.819095477386938,270474728933816.0,0.9990356743937304,4.916917926599527e-05,5.306317687513022e-05,0.9266158221491635
overdensity_lt_20.9497487437,20.949748743718594,270477489547608.94,0.9990458711011021,4.918474555734859e-05,5.3079958692343405e-05,0.9266161234681464
overdensity_lt_21.0804020101,21.080402010050253,270480213674049.34,0.9990559330374104,4.9200226143334415e-05,5.309664760665105e-05,0.9266164317532439
overdensity_lt_21.2110552764,21.211055276381913,270482891929581.47,0.9990658255431992,4.921551832202089e-05,5.311313313530297e-05,0.926616740847257
overdensity_lt_21.3417085427,21.34170854271357,270485522776267.44,0.9990755429378834,4.923063050710959e-05,5.3129424192290234e-05,0.9266170536486558
overdensity_lt_21.472361809,21.47236180904523,270488118429174.72,0.9990851303394974,4.924564588276443e-05,5.314561041508193e-05,0.9266173725006129
overdensity_lt_21.6030150754,21.603015075376888,270490661016812.2,0.9990945217372266,4.926043812899709e-05,5.3161556220696476e-05,0.9266176844879377
overdensity_lt_21.7336683417,21.733668341708544,270493165282855.9,0.9991037715888696,4.927504186904077e-05,5.317729723008623e-05,0.9266180200140434
overdensity_lt_21.864321608,21.864321608040203,270495630093951.97,0.9991128757082279,4.9289556616134804e-05,5.319294229973803e-05,0.9266183535851814
overdensity_lt_21.9949748744,21.994974874371863,270498066575090.25,0.9991218751869841,4.9303951888215845e-05,5.320845570263817e-05,0.9266187345063516
overdensity_lt_22.1256281407,22.12562814070352,270500456112652.75,0.9991307012731758,4.9318216281636356e-05,5.3223829969538485e-05,0.9266190785192004
overdensity_lt_22.256281407,22.25628140703518,270502800096327.7,0.9991393590998079,4.933224784975331e-05,5.3238952660889324e-05,0.9266194277708626
overdensity_lt_22.3869346734,22.386934673366834,270505106194707.44,0.9991478769918827,4.934610819609737e-05,5.3253890288291656e-05,0.9266197817466596
overdensity_lt_22.5175879397,22.517587939698494,270507385001075.53,0.9991562940771525,4.935983508499553e-05,5.326868442438213e-05,0.9266201262219
overdensity_lt_22.648241206,22.648241206030153,270509629579888.38,0.9991645847382314,4.937348029738839e-05,5.328338941192368e-05,0.9266204879665494
overdensity_lt_22.7788944724,22.77889447236181,270511852932727.47,0.9991727969982521,4.938706108724892e-05,5.329802457464478e-05,0.9266208547388377
overdensity_lt_22.9095477387,22.90954773869347,270514027144674.8,0.999180827749619,4.940041049988845e-05,5.33124109945601e-05,0.9266212046746334
overdensity_lt_23.040201005,23.04020100502513,270516182252207.97,0.9991887879362,4.941372084504435e-05,5.332675575871934e-05,0.9266215456387448
overdensity_lt_23.1708542714,23.170854271356784,270518299526394.7,0.9991966083801038,4.942683190646991e-05,5.334088412689141e-05,0.9266219095448353
overdensity_lt_23.3015075377,23.301507537688444,270520372688173.4,0.9992042658887512,4.943977396827791e-05,5.335483093670321e-05,0.9266222589465258
overdensity_lt_23.432160804,23.432160804020103,270522425902062.22,0.9992118497171192,4.94526542587063e-05,5.3368709393347126e-05,0.9266226375125909
overdensity_lt_23.5628140704,23.56281407035176,270524440035867.34,0.9992192891978139,4.9465393407610926e-05,5.338243515236718e-05,0.9266230224684203
overdensity_lt_23.6934673367,23.69346733668342,270526430351963.06,0.9992266407045176,4.9478024192572495e-05,5.339604375776985e-05,0.9266234108472272
overdensity_lt_23.824120603,23.82412060301508,270528399473392.34,0.9992339139258009,4.9490554718496684e-05,5.340954505117356e-05,0.9266237836528667
overdensity_lt_23.9547738693,23.954773869346734,270530327692876.84,0.999241036070116,4.9502953214569676e-05,5.342290389334056e-05,0.9266241556880339
overdensity_lt_24.0854271357,24.085427135678394,270532225354787.12,0.999248045345821,4.951520072381339e-05,5.343610030994022e-05,0.9266245185673202
overdensity_lt_24.216080402,24.216080402010054,270534097277392.53,0.9992549595498572,4.952735321033568e-05,5.344919322067741e-05,0.9266248978885518
overdensity_lt_24.3467336683,24.34673366834171,270535949054462.88,0.9992617993435844,4.95394286648197e-05,5.3462202489679616e-05,0.9266252858621533
overdensity_lt_24.4773869347,24.47738693467337,270537771923673.8,0.9992685323621501,4.955136482385355e-05,5.3475063059174505e-05,0.9266256454718143
overdensity_lt_24.608040201,24.60804020100503,270539572163126.6,0.9992751817945864,4.9563237383220814e-05,5.34878541192352e-05,0.9266260200443707
overdensity_lt_24.7386934673,24.738693467336685,270541335532335.16,0.9992816950416962,4.957490446689918e-05,5.350042330555267e-05,0.9266263966504715
overdensity_lt_24.8693467337,24.869346733668344,270543080520641.72,0.999288140396412,4.958650709957655e-05,5.3512921960106856e-05,0.9266267900030316
overdensity_lt_25,25.0,270544795704589.6,0.9992944756646229,4.959797150507226e-05,5.352527212260034e-05,0.9266271713942426
